,code,rfm_group,cnt,total_price
0,apparel.shirt,VIP,154381,13297533.14
1,apparel.trousers,이탈 고객,20203,1497712.0300000005
2,apparel.belt,VIP,974,59604.60000000001
3,accessories.umbrella,잠재적 고가치 고객,4467,623427.4499999996
4,electronics.camera,,1331295,97949080.43000011
5,appliances.personal,신규 고객,521088,150488666.22000036
6,computers.ebooks,,240725,29524932.950000044
7,apparel.shoes,충성고객,1654152,237441767.86999944
8,computers.peripherals,일시적 고객,757574,160782302.56
9,apparel.costume,이탈 고객,73243,9200179.729999997
10,accessories.umbrella,신규 고객,6221,2182600.96
11,appliances.ironing_board,신규 고객,10790,785596.0399999999
12,apparel.tshirt,잠재적 고가치 고객,17590,1353022.6499999994
13,furniture.living_room,VIP,252687,70524152.13000004
14,electronics.audio,VIP,1250425,614511218.4600009
15,kids.carriage,이탈 우려 고객,160696,39848795.19999998
16,kids.dolls,충성고객,33617,2815400.599999999
17,electronics.video,신규 고객,143884,39988473.94999998
18,furniture.bathroom,,702985,79648205.10000014
19,computers.ebooks,잠재적 고가치 고객,6357,653811.7300000001
20,kids.skates,VIP,141804,30731457.52999996
21,auto.accessories,충성고객,247090,42431046.859999985
22,medicine.tools,충성고객,21631,783110.1200000005
23,electronics.tablet,이탈 우려 고객,338985,74595601.02000003
24,sport.tennis,충성고객,18484,1073958.6
25,country_yard.furniture,,68876,3434799.8599999975
26,sport.trainer,이탈 우려 고객,678263,143730942.09000042
27,sport.trainer,이탈 고객,64604,15891456.729999986
28,apparel.shirt,일시적 고객,223835,20953116.350000005
29,kids.swing,일시적 고객,139661,18493493.820000004
30,furniture.living_room,이탈 고객,217676,75436978.23000014
31,medicine.tools,이탈 고객,7718,333921.6600000001
32,furniture.living_room,신규 고객,112293,29838213.15000002
33,sport.snowboard,,198375,34783342.03000002
34,apparel.shirt,,1184346,111112408.94999845
35,sport.ski,VIP,116966,10990192.449999994
36,appliances.kitchen,잠재적 고가치 고객,493694,95915419.15999989
37,furniture.universal,이탈 우려 고객,102860,8060049.899999994
38,accessories.umbrella,이탈 고객,5647,1727117.0200000012
39,electronics.camera,충성고객,225238,11320025.499999987
40,computers.notebook,잠재적 고가치 고객,31527,17863623.910000004
41,apparel.scarf,VIP,113189,8348131.220000005
42,sport.tennis,일시적 고객,25384,3022006.99
43,country_yard.lawn_mower,잠재적 고가치 고객,2601,137043.02000000005
44,country_yard.lawn_mower,이탈 우려 고객,30683,3209298.599999998
45,apparel.jumper,VIP,15974,2409553.389999999
46,electronics.telephone,일시적 고객,143623,14203860.479999999
47,computers.desktop,이탈 고객,140467,62036090.80999998
48,apparel.dress,VIP,8042,589558.5999999996
49,furniture.kitchen,이탈 우려 고객,966181,121109277.76999974
50,sport.bicycle,충성고객,741585,72100277.19000016
51,country_yard.furniture,신규 고객,5726,210102.82
52,electronics.tablet,,860044,206939737.46000004
53,appliances.environment,신규 고객,429025,85493072.05999991
54,electronics.camera,이탈 우려 고객,620470,41220110.68000006
55,electronics.smartphone,신규 고객,222595,112295810.14999989
56,furniture.kitchen,신규 고객,186503,15297634.289999997
57,accessories.umbrella,VIP,11918,3452169.1900000037
58,country_yard.lawn_mower,충성고객,8757,753410.3700000001
59,apparel.jeans,,292085,23780913.040000048
60,sport.bicycle,이탈 우려 고객,2684768,308902198.95999724
61,accessories.bag,충성고객,227972,14744534.220000004
62,electronics.audio,,9001616,4245924553.3300576
63,electronics.camera,신규 고객,127559,5789252.559999997
64,sport.tennis,VIP,18402,1507268.31
65,sport.bicycle,일시적 고객,1192480,135249416.18999952
66,stationery.cartrige,,95794,7590112.829999996
67,apparel.tshirt,이탈 고객,18416,1842012.0399999986
68,apparel.dress,신규 고객,3292,244226.29999999993
69,apparel.belt,잠재적 고가치 고객,158,7354.859999999999
70,sport.tennis,이탈 우려 고객,56786,5565720.289999999
71,sport.snowboard,잠재적 고가치 고객,9405,673192.87
72,appliances.kitchen,이탈 고객,1500757,409088954.3399996
73,furniture.bathroom,신규 고객,67552,6261863.959999997
74,computers.notebook,신규 고객,61503,40846639.84000002
75,country_yard.cultivator,이탈 고객,8484,738155.4300000003
76,kids.toys,이탈 우려 고객,775379,90025409.59000036
77,sport.ski,신규 고객,46585,3851519.860000001
78,apparel.skirt,충성고객,6476,922621.2900000004
79,appliances.kitchen,일시적 고객,4522722,1305372217.7600157
80,electronics.camera,VIP,166688,10195721.769999994
81,sport.ski,잠재적 고가치 고객,32134,1689362.9600000011
82,,이탈 우려 고객,13125671,2125887863.0000203
83,country_yard.cultivator,이탈 우려 고객,112422,3550779.790000005
84,furniture.bathroom,일시적 고객,169737,17376969.750000026
85,sport.trainer,잠재적 고가치 고객,44160,6317719.65
86,sport.trainer,일시적 고객,352642,81407374.05000022
87,computers.peripherals,이탈 고객,216771,42116293.51000001
88,electronics.clocks,충성고객,751004,187467142.52999952
89,apparel.jeans,잠재적 고가치 고객,11105,619001.1099999999
90,sport.diving,신규 고객,1133,348289.5399999999
91,apparel.pajamas,일시적 고객,30140,3768301.5500000007
92,apparel.shoes,이탈 우려 고객,5583028,791540121.9100004
93,apparel.dress,이탈 우려 고객,39657,2916101.55
94,apparel.costume,잠재적 고가치 고객,46328,3243008.09
95,furniture.bedroom,VIP,374702,71395060.81000009
96,apparel.underwear,잠재적 고가치 고객,38315,3619086.220000001
97,kids.skates,충성고객,179135,35289529.00999998
98,country_yard.cultivator,일시적 고객,50650,2126610.13
99,sport.ski,이탈 고객,41897,5257562.879999999
100,stationery.cartrige,잠재적 고가치 고객,2746,123298.65000000002
101,electronics.telephone,,514550,64263683.79000012
102,electronics.tablet,이탈 고객,104069,29201018.669999976
103,electronics.smartphone,잠재적 고가치 고객,76245,37884194.699999996
104,computers.peripherals,잠재적 고가치 고객,70543,10396896.820000002
105,sport.ski,이탈 우려 고객,436593,44737456.41000005
106,kids.swing,잠재적 고가치 고객,61599,2985800.469999998
107,,,30610334,5852329139.380226
108,electronics.camera,일시적 고객,310686,22081731.930000026
109,electronics.telephone,신규 고객,21054,2765826.52
110,apparel.shorts,이탈 우려 고객,451417,225168232.2600005
111,kids.carriage,일시적 고객,105014,25896773.50000002
112,kids.skates,잠재적 고가치 고객,33299,6118620.659999995
113,kids.fmcg,일시적 고객,17185,1050031.9800000002
114,kids.fmcg,신규 고객,3825,261610.94
115,apparel.pajamas,,148553,18390223.580000013
116,apparel.shorts,일시적 고객,246562,133612618.82999994
117,electronics.tablet,일시적 고객,204443,48521657.99000001
118,apparel.skirt,,44409,6506007.36999999
119,apparel.glove,충성고객,11134,614084.14
120,stationery.cartrige,이탈 고객,5509,321447.05999999994
121,,충성고객,3412760,522736350.4799979
122,electronics.smartphone,VIP,790200,438447621.55999976
123,kids.toys,충성고객,253466,26185324.380000018
124,computers.components,충성고객,290705,35105913.219999984
125,accessories.umbrella,충성고객,13581,3681518.63
126,appliances.ironing_board,VIP,23790,2055312.3599999987
127,electronics.clocks,이탈 고객,543246,153513226.5599996
128,apparel.costume,VIP,140510,18712826.109999996
129,country_yard.cultivator,잠재적 고가치 고객,24864,435945.81000000023
130,apparel.shoes,이탈 고객,783329,95421327.33000036
131,appliances.environment,이탈 우려 고객,2368142,434467094.2299926
132,sport.bicycle,VIP,736640,91028835.08999999
133,accessories.wallet,일시적 고객,154117,16918461.009999994
134,furniture.universal,일시적 고객,46230,3997081.8500000006
135,apparel.jacket,,17856,2095370.0400000007
136,construction.tools,일시적 고객,8567214,3428832322.6000347
137,sport.trainer,신규 고객,109640,25103211.160000008
138,apparel.sock,신규 고객,10911,1177024.0400000005
139,apparel.dress,,110042,9454245.999999996
140,auto.accessories,일시적 고객,644863,114810937.35999975
141,apparel.scarf,이탈 고객,30338,2019280.069999999
142,sport.bicycle,이탈 고객,193055,26479691.679999992
143,construction.components,이탈 고객,58264,13310854.08
144,accessories.umbrella,일시적 고객,24998,8491207.399999999
145,kids.fmcg,충성고객,12947,753076.4100000001
146,furniture.bathroom,이탈 우려 고객,336741,33808288.45000006
147,electronics.clocks,VIP,797361,264328253.7499996
148,apparel.jeans,이탈 고객,20132,1308427.4399999997
149,accessories.bag,,1827326,131304392.95999627
150,apparel.costume,이탈 우려 고객,502383,68625633.01000005
151,sport.bicycle,,4916235,592986447.5099897
152,furniture.bathroom,이탈 고객,34281,3954551.2300000023
153,kids.skates,,1174758,275184542.8200006
154,apparel.shirt,충성고객,173984,13055023.98999999
155,apparel.shorts,이탈 고객,46077,25189520.189999983
156,electronics.clocks,이탈 우려 고객,3162782,876817688.4900053
157,computers.notebook,일시적 고객,576302,395186486.99000007
158,appliances.iron,신규 고객,7303,1007027.8999999997
159,electronics.video,잠재적 고가치 고객,51564,13358172.479999993
160,electronics.telephone,충성고객,58283,6794573.59
161,apparel.sock,잠재적 고가치 고객,5115,435370.22
162,sport.diving,일시적 고객,4938,1964109.9699999995
163,sport.snowboard,VIP,24777,4085582.9899999993
164,medicine.tools,VIP,21273,778520.2699999998
165,computers.notebook,충성고객,139198,87563908.97999997
166,accessories.bag,이탈 고객,104210,7002737.949999998
167,kids.dolls,이탈 우려 고객,143630,12181760.999999998
168,accessories.umbrella,이탈 우려 고객,45341,12658761.719999993
169,electronics.video,이탈 고객,449363,179533956.41000015
170,construction.tools,이탈 고객,1462816,577013817.2099996
171,electronics.audio,일시적 고객,1880182,717420610.9200021
172,electronics.telephone,잠재적 고가치 고객,15709,1255770.9200000006
173,country_yard.lawn_mower,VIP,8262,832124.7500000005
174,accessories.wallet,이탈 고객,33255,3075295.240000002
175,sport.diving,이탈 우려 고객,9170,3295422.52
176,apparel.shoes,잠재적 고가치 고객,386782,39496890.12
177,construction.components,신규 고객,66931,19484388.75000001
178,apparel.shorts,VIP,150320,78571552.97999996
179,furniture.bedroom,신규 고객,210381,32290325.359999992
180,construction.components,잠재적 고가치 고객,25867,6791058.460000005
181,apparel.glove,일시적 고객,17528,986741.12
182,auto.accessories,신규 고객,106300,18657472.040000007
183,sport.snowboard,이탈 우려 고객,73538,12748993.42999999
184,apparel.underwear,,1303011,288842346.30000204
185,apparel.scarf,,1794541,89279446.44999988
186,apparel.jumper,이탈 우려 고객,53537,8389022.259999994
187,stationery.cartrige,일시적 고객,18082,1261472.720000001
188,apparel.belt,이탈 우려 고객,5188,260166.08000000022
189,computers.components,일시적 고객,431985,64136062.79000005
190,appliances.sewing_machine,일시적 고객,213120,49319468.67000004
191,apparel.trousers,이탈 우려 고객,213143,15257214.499999996
192,furniture.universal,충성고객,38092,2266802.4699999993
193,auto.accessories,VIP,256316,57240216.76999995
194,country_yard.lawn_mower,일시적 고객,13938,1876221.0899999999
195,sport.ski,,778000,84727855.66000071
196,kids.swing,신규 고객,80626,5815109.250000002
197,country_yard.lawn_mower,,61730,6775135.459999999
198,apparel.underwear,VIP,110726,23604003.140000004
199,accessories.bag,신규 고객,93149,6398669.999999998
200,sport.snowboard,일시적 고객,37344,6888543.489999999
201,apparel.jacket,충성고객,2446,171826.79000000007
202,appliances.iron,이탈 고객,61317,5980421.999999998
203,kids.carriage,VIP,34025,10122776.949999996
204,computers.components,VIP,244256,36849178.569999985
205,kids.fmcg,잠재적 고가치 고객,3248,150156.04999999996
206,apparel.trousers,충성고객,68003,4535399.889999999
207,kids.toys,신규 고객,119394,12374848.979999987
208,electronics.telephone,이탈 우려 고객,218438,23248103.58000001
209,apparel.glove,이탈 우려 고객,34416,2048017.81
210,electronics.tablet,잠재적 고가치 고객,27484,2533667.8400000012
211,medicine.tools,잠재적 고가치 고객,6778,216492.13
212,apparel.belt,일시적 고객,2403,124041.07999999999
213,accessories.bag,잠재적 고가치 고객,68207,3211255.98
214,auto.accessories,이탈 고객,286432,45013012.94999998
215,apparel.shorts,신규 고객,76379,41037552.370000005
216,accessories.wallet,잠재적 고가치 고객,11876,1163701.89
217,stationery.paper,일시적 고객,8,16.57
218,apparel.jumper,충성고객,16787,2120013.1299999994
219,apparel.underwear,이탈 고객,44430,7343276.089999999
220,kids.fmcg,이탈 고객,9687,308142.92000000004
221,electronics.audio,잠재적 고가치 고객,198791,65633341.36000001
222,construction.components,,1235894,320631819.10999924
223,sport.trainer,,2212729,521222167.58999443
224,electronics.smartphone,일시적 고객,4317163,1949654351.3700025
225,apparel.trousers,일시적 고객,97425,7670884.230000004
226,stationery.cartrige,충성고객,9911,607608.7099999996
227,apparel.jumper,일시적 고객,26055,4494780.57
228,electronics.clocks,,6073252,1743045686.6100423
229,,잠재적 고가치 고객,831118,86706668.82000004
230,accessories.wallet,신규 고객,24560,2961868.830000001
231,apparel.shoes,VIP,1589192,278074096.0599993
232,furniture.bathroom,VIP,96401,11527350.549999999
233,electronics.tablet,충성고객,90810,14977361.969999997
234,electronics.telephone,이탈 고객,81036,4631445.649999999
235,country_yard.cultivator,충성고객,48092,1444135.2699999996
236,kids.skates,이탈 고객,49943,11209873.089999996
237,apparel.pajamas,충성고객,19230,2038534.1099999994
238,furniture.living_room,,2593929,923922806.4299942
239,apparel.tshirt,,356349,44948088.960000075
240,furniture.kitchen,일시적 고객,476404,64474420.52000003
241,country_yard.furniture,이탈 고객,3036,191206.34999999998
242,apparel.underwear,신규 고객,69965,14407120.509999992
243,construction.tools,이탈 우려 고객,18525970,7823966567.340257
244,computers.ebooks,이탈 우려 고객,95874,11720488.190000013
245,computers.components,이탈 고객,151464,22972085.180000007
246,computers.desktop,잠재적 고가치 고객,47491,6518581.330000001
247,kids.dolls,신규 고객,13618,1378729.0499999998
248,appliances.iron,VIP,16893,2659004.6299999994
249,computers.desktop,일시적 고객,318693,109359269.39000006
250,appliances.ironing_board,이탈 우려 고객,91860,9182151.350000018
251,apparel.sock,이탈 우려 고객,48972,7592106.779999994
252,kids.fmcg,,66177,4101232.390000003
253,apparel.costume,일시적 고객,268031,38123306.150000006
254,computers.desktop,충성고객,165182,33441992.569999963
255,apparel.glove,이탈 고객,3246,152187.44999999992
256,kids.carriage,신규 고객,12087,3699324.640000002
257,appliances.ironing_board,이탈 고객,19620,1398702.19
258,kids.toys,일시적 고객,383368,44916962.17000012
259,electronics.smartphone,,15096923,7007469290.440058
260,appliances.kitchen,충성고객,2509041,653583689.5300001
261,construction.tools,VIP,5466265,2478416698.8399954
262,apparel.tshirt,신규 고객,27624,3145138.839999999
263,appliances.personal,잠재적 고가치 고객,193937,31636359.509999976
264,appliances.personal,충성고객,899495,260218978.8400009
265,apparel.jeans,충성고객,36130,2636870.049999997
266,electronics.clocks,잠재적 고가치 고객,141913,29447809.180000003
267,country_yard.lawn_mower,신규 고객,3314,310161.9000000001
268,furniture.kitchen,이탈 고객,132344,18266001.460000012
269,appliances.sewing_machine,충성고객,133579,26304991.84999999
270,apparel.shirt,신규 고객,73211,5272918.650000004
271,furniture.kitchen,,2293148,296241133.8399975
272,kids.dolls,일시적 고객,68170,6314474.919999998
273,stationery.cartrige,신규 고객,4426,296942.86000000004
274,electronics.clocks,일시적 고객,1682381,463311419.8000004
275,apparel.tshirt,이탈 우려 고객,170777,17504976.460000005
276,furniture.universal,신규 고객,17243,882261.4500000003
277,apparel.costume,충성고객,155975,19281570.629999984
278,kids.toys,잠재적 고가치 고객,68833,4744049.929999995
279,furniture.universal,,304324,26449051.519999955
280,sport.snowboard,신규 고객,13295,1664392.9899999993
281,apparel.belt,충성고객,988,51178.03
282,apparel.trousers,,357552,31864132.830000058
283,appliances.environment,일시적 고객,1494649,275235433.86999744
284,country_yard.furniture,이탈 우려 고객,34594,1749701.0799999998
285,apparel.costume,신규 고객,67483,8826621.429999996
286,apparel.shoes,신규 고객,734672,119134170.78000021
287,apparel.pajamas,이탈 우려 고객,74254,9315273.150000008
288,furniture.bedroom,,3069513,652214671.8299989
289,electronics.tablet,신규 고객,34079,5966707.69
290,kids.skates,일시적 고객,249966,52275728.40999996
291,apparel.sock,일시적 고객,26378,4153637.2599999984
292,sport.bicycle,잠재적 고가치 고객,240045,14264073.490000004
293,appliances.iron,충성고객,23757,2780944.5000000005
294,stationery.cartrige,VIP,8600,679851.3300000007
295,construction.tools,충성고객,4412935,1478599341.559991
296,furniture.living_room,이탈 우려 고객,940387,276515087.02000123
297,apparel.shorts,충성고객,138491,70969629.45999996
298,apparel.scarf,충성고객,117409,7892934.220000001
299,kids.swing,VIP,94414,11696325.089999989
300,electronics.smartphone,이탈 고객,4107331,1921777410.4900022
301,stationery.cartrige,이탈 우려 고객,35976,2436841.6799999997
302,kids.carriage,,385484,107278220.9799997
303,appliances.environment,VIP,645483,143918966.76
304,electronics.camera,이탈 고객,60802,8137493.549999996
305,country_yard.cultivator,VIP,43941,1365631.9299999997
306,sport.tennis,신규 고객,8036,595063.72
307,sport.diving,,19212,7391825.9200000055
308,apparel.jumper,신규 고객,7278,1176593.8399999999
309,computers.ebooks,신규 고객,13304,1628049.149999999
310,electronics.audio,충성고객,1126694,476167558.0800017
311,apparel.skirt,이탈 우려 고객,18224,2444793.0100000002
312,apparel.skirt,잠재적 고가치 고객,1843,189068.21
313,construction.components,이탈 우려 고객,822854,180124299.2599998
314,apparel.sock,충성고객,21068,2334443.0799999996
315,construction.components,일시적 고객,313222,74686682.14000003
316,construction.tools,,41702173,17684104651.571686
317,appliances.kitchen,신규 고객,1326003,372495229.7199985
318,sport.snowboard,충성고객,25091,3109909.4499999993
319,electronics.audio,이탈 고객,668082,151751221.06999946
320,appliances.ironing_board,일시적 고객,46501,4596318.360000003
321,appliances.kitchen,,19449561,6285608726.580519
322,computers.peripherals,,3615591,827879203.019968
323,medicine.tools,,124678,4777243.990000006
324,apparel.scarf,일시적 고객,164651,14171930.64000001
325,construction.components,VIP,260261,64440087.83000003
326,apparel.skirt,신규 고객,2216,340592.4400000002
327,kids.dolls,VIP,35608,3323124.0
328,computers.notebook,,2258951,1638422135.9300065
329,electronics.video,,3400329,1165172800.3799615
330,accessories.wallet,이탈 우려 고객,257899,27905440.719999954
331,electronics.tablet,VIP,84471,19091442.94999999
332,furniture.universal,VIP,33227,3092382.48
333,apparel.dress,충성고객,9149,623382.1699999999
334,country_yard.furniture,VIP,11965,541707.9199999998
335,kids.swing,,551511,80081676.71000022
336,computers.notebook,VIP,182098,127935132.17999998
337,kids.skates,이탈 우려 고객,477048,93210395.53999986
338,electronics.video,일시적 고객,892775,311254448.4100005
339,apparel.jumper,잠재적 고가치 고객,5057,476963.59
340,sport.tennis,이탈 고객,5926,561953.5699999996
341,auto.accessories,이탈 우려 고객,1054153,206282675.04
342,apparel.skirt,이탈 고객,2100,283395.27999999997
343,furniture.kitchen,충성고객,360624,35200830.440000035
344,appliances.personal,이탈 우려 고객,2518842,828221089.4499984
345,apparel.underwear,일시적 고객,221440,50611418.35999999
346,country_yard.furniture,충성고객,11597,494735.13999999996
347,apparel.pajamas,이탈 고객,6687,845925.9299999998
348,,일시적 고객,8368536,1390482221.1500168
349,construction.components,충성고객,176823,44301961.410000026
350,appliances.kitchen,이탈 우려 고객,7711617,2224040346.0700717
351,sport.ski,일시적 고객,183644,19888851.939999986
352,electronics.clocks,신규 고객,336612,84747688.52999993
353,apparel.glove,신규 고객,4428,194031.68000000002
354,appliances.environment,이탈 고객,514218,82791961.14000015
355,appliances.personal,VIP,848443,307569775.29000115
356,furniture.bedroom,일시적 고객,714703,130613688.3300002
357,apparel.belt,이탈 고객,1347,63746.87999999998
358,sport.trainer,충성고객,249340,50367681.779999994
359,kids.skates,신규 고객,82668,17041423.06999999
360,accessories.wallet,충성고객,61186,6635870.17
361,appliances.iron,이탈 우려 고객,99618,12872183.929999998
362,furniture.bathroom,잠재적 고가치 고객,38712,2600649.2399999984
363,apparel.glove,VIP,9449,527463.0899999997
364,medicine.tools,신규 고객,8104,285149.48
365,accessories.wallet,,558314,68854267.24999952
366,computers.notebook,이탈 고객,359831,244146751.2999999
367,computers.ebooks,이탈 고객,14454,1885575.2000000011
368,sport.diving,충성고객,2961,831657.71
369,furniture.living_room,잠재적 고가치 고객,84712,11955996.949999997
370,apparel.dress,잠재적 고가치 고객,1979,118941.30000000006
371,construction.tools,신규 고객,2630386,940588612.0999936
372,auto.accessories,잠재적 고가치 고객,55540,6105851.280000001
373,electronics.video,이탈 우려 고객,1346480,442134129.8800012
374,kids.carriage,잠재적 고가치 고객,6351,1472704.0400000003
375,appliances.environment,충성고객,860804,165661086.28999984
376,,신규 고객,1421416,243365179.30999967
377,apparel.pajamas,VIP,20136,2458176.609999999
378,country_yard.lawn_mower,이탈 고객,3257,590922.64
379,apparel.belt,,6902,405860.32
380,computers.ebooks,일시적 고객,59068,7287872.89
381,kids.carriage,충성고객,33373,8784454.910000004
382,appliances.personal,,5961906,2133942007.2299397
383,apparel.jacket,일시적 고객,3285,339972.32000000007
384,apparel.skirt,VIP,5723,1026503.9400000001
385,sport.diving,이탈 고객,1072,447342.62999999995
386,apparel.dress,이탈 고객,12618,941237.6400000002
387,apparel.scarf,잠재적 고가치 고객,41240,1725124.8499999996
388,furniture.bedroom,충성고객,440303,64469209.070000075
389,appliances.personal,일시적 고객,1290329,428805180.0900015
390,appliances.sewing_machine,이탈 우려 고객,299386,69643783.9400001
391,kids.fmcg,VIP,11266,739338.7500000001
392,sport.ski,충성고객,108223,8916772.579999993
393,kids.dolls,잠재적 고가치 고객,8760,621955.4800000003
394,apparel.shoes,,13369658,2338544733.500034
395,appliances.sewing_machine,잠재적 고가치 고객,13710,2640998.36
396,electronics.audio,이탈 우려 고객,3447505,1321172949.8499975
397,electronics.telephone,VIP,48586,6656096.279999995
398,apparel.jumper,이탈 고객,7574,974833.7499999997
399,apparel.shorts,,1519599,873616683.940014
400,accessories.bag,이탈 우려 고객,690971,48153469.609999985
401,kids.fmcg,이탈 우려 고객,35903,2071243.6299999997
402,sport.snowboard,이탈 고객,8262,1621224.6600000001
403,furniture.living_room,충성고객,272633,61651432.020000026
404,,VIP,2962107,556027569.7500004
405,appliances.kitchen,VIP,2306472,750412131.7800008
406,kids.dolls,이탈 고객,22115,1579689.8699999996
407,kids.swing,이탈 우려 고객,262699,34300776.139999986
408,accessories.bag,일시적 고객,328225,23859316.56000001
409,computers.components,신규 고객,119619,15314210.14999999
410,apparel.jacket,이탈 우려 고객,6995,596037.17
411,appliances.ironing_board,잠재적 고가치 고객,7619,400963.57999999996
412,apparel.sock,,164743,23938009.010000106
413,kids.dolls,,393934,36164626.88000018
414,computers.desktop,이탈 우려 고객,595192,180340243.46
415,apparel.shirt,이탈 고객,46009,4126369.9899999984
416,electronics.video,충성고객,315599,89520021.91000004
417,computers.components,잠재적 고가치 고객,82829,6697215.739999995
418,kids.toys,,2179095,222364468.67999932
419,electronics.audio,신규 고객,630061,307451355.15000105
420,country_yard.furniture,잠재적 고가치 고객,4171,131359.04000000004
421,computers.notebook,이탈 우려 고객,887613,624208611.8300009
422,apparel.underwear,이탈 우려 고객,381135,75097702.63000001
423,appliances.sewing_machine,신규 고객,73472,14405192.64
424,computers.desktop,,1391695,516132802.40999717
425,appliances.iron,일시적 고객,80319,9494309.609999994
426,apparel.dress,일시적 고객,24596,1839877.5399999998
427,apparel.jeans,VIP,34984,2899448.1999999993
428,sport.diving,VIP,2509,749700.5499999996
429,country_yard.cultivator,,283751,10659627.359999951
430,furniture.bathroom,충성고객,127070,11812644.870000003
431,kids.carriage,이탈 고객,61776,12567305.010000004
432,apparel.trousers,신규 고객,32594,2364617.13
433,appliances.iron,,210231,28826171.870000016
434,apparel.tshirt,충성고객,64861,6762281.959999996
435,furniture.living_room,일시적 고객,530833,175122895.94999978
436,accessories.umbrella,,162333,87247851.1900001
437,apparel.jeans,이탈 우려 고객,129855,9263679.429999989
438,apparel.jeans,일시적 고객,61119,4788832.959999998
439,appliances.ironing_board,,184236,19640210.380000055
440,furniture.universal,잠재적 고가치 고객,22428,567633.88
441,,이탈 고객,4439821,726719910.5000088
442,kids.toys,VIP,240550,30182949.68000002
443,apparel.costume,,1229323,204202764.38999888
444,apparel.trousers,VIP,72171,5344210.930000002
445,appliances.ironing_board,충성고객,26464,1884199.15
446,apparel.shirt,이탈 우려 고객,486485,43416372.10000007
447,accessories.wallet,VIP,50699,5983495.969999999
448,apparel.underwear,충성고객,131408,22802430.40999998
449,apparel.scarf,이탈 우려 고객,354328,26104599.520000007
450,computers.components,이탈 우려 고객,928108,126116535.5000002
451,appliances.sewing_machine,이탈 고객,63174,15134940.989999996
452,appliances.environment,잠재적 고가치 고객,143507,22659194.63000001
453,computers.ebooks,충성고객,29403,3450804.539999997
454,apparel.pajamas,신규 고객,7893,802622.0200000003
455,computers.peripherals,이탈 우려 고객,1607640,331934716.59000146
456,appliances.personal,이탈 고객,239273,69879528.15000008
457,apparel.jeans,신규 고객,16142,1320178.98
458,furniture.bedroom,잠재적 고가치 고객,109647,12642850.309999997
459,auto.accessories,,2194376,418941897.1400021
460,computers.components,,2088862,330728970.78000426
461,sport.tennis,잠재적 고가치 고객,7398,308532.6600000001
462,apparel.jacket,VIP,2099,145253.65999999983
463,apparel.jumper,,126389,22948124.950000018
464,furniture.bedroom,이탈 우려 고객,1352929,245069986.87999943
465,construction.tools,잠재적 고가치 고객,498388,156126662.54999986
466,appliances.environment,,5565325,1170678585.4099908
467,apparel.shoes,일시적 고객,2806975,402286514.72999907
468,medicine.tools,이탈 우려 고객,68563,2438748.35
469,sport.trainer,VIP,219930,50949672.02000005
470,computers.ebooks,VIP,20951,2562541.4999999995
471,apparel.sock,VIP,15469,1947031.209999998
472,apparel.shirt,잠재적 고가치 고객,60794,2811077.13
473,kids.swing,이탈 고객,30645,4138178.6999999997
474,electronics.smartphone,충성고객,536676,240483431.45000055
475,furniture.kitchen,VIP,306210,37941453.660000004
476,electronics.camera,잠재적 고가치 고객,86033,3118638.259999998
477,sport.tennis,,114367,12938158.630000005
478,electronics.smartphone,이탈 우려 고객,4454688,2212178849.489994
479,computers.desktop,신규 고객,69060,14358270.219999984
480,appliances.sewing_machine,VIP,84110,21925153.88
481,apparel.shorts,잠재적 고가치 고객,27464,10659846.57
482,country_yard.furniture,일시적 고객,15069,766378.7500000001
483,accessories.bag,VIP,203591,14291841.62
484,apparel.jacket,이탈 고객,667,71543.76999999997
485,computers.desktop,VIP,152194,41755240.85999996
486,medicine.tools,일시적 고객,28544,1069971.3799999997
487,furniture.universal,이탈 고객,10646,1487028.64
488,apparel.sock,이탈 고객,4664,669423.3599999994
489,apparel.jacket,신규 고객,935,59455.25000000001
490,computers.peripherals,충성고객,396439,76881640.98000014
491,computers.peripherals,신규 고객,158920,31249287.12999999
492,furniture.bedroom,이탈 고객,198153,38276357.549999975
493,apparel.glove,잠재적 고가치 고객,3438,126751.90000000007
494,apparel.glove,,74953,4664539.270000001
495,apparel.tshirt,일시적 고객,85978,9347405.429999992
496,apparel.tshirt,VIP,50403,6100596.2700000005
497,kids.toys,이탈 고객,95261,8904607.680000002
498,furniture.kitchen,잠재적 고가치 고객,143201,7852251.599999995
499,apparel.scarf,신규 고객,60293,4379693.3100000005
500,computers.peripherals,VIP,480883,104789089.27000004
501,kids.swing,충성고객,122703,10904917.11999999
502,country_yard.cultivator,신규 고객,32402,882004.1600000004
503,apparel.trousers,잠재적 고가치 고객,22739,1092342.3599999999
504,apparel.skirt,일시적 고객,8778,1307885.7400000002
505,apparel.pajamas,잠재적 고가치 고객,4825,396987.88000000024
506,appliances.sewing_machine,,979799,231072162.80999747
507,electronics.video,VIP,328881,107533530.03000008
508,sport.bicycle,신규 고객,385042,33695245.770000055
509,apparel.jacket,잠재적 고가치 고객,826,29211.460000000003
510,apparel.belt,신규 고객,228,11831.820000000002
511,sport.diving,잠재적 고가치 고객,559,91861.82999999996
512,appliances.iron,잠재적 고가치 고객,4884,438803.8399999999
513,stationery.paper,충성고객,26,51.449999999999996
514,stationery.paper,,37,55.62999999999998
515,stationery.paper,잠재적 고가치 고객,24,44.849999999999994
516,country_yard.watering,잠재적 고가치 고객,1,0.0
517,country_yard.watering,,82,5477.500000000002
518,stationery.paper,이탈 우려 고객,9,18.62
519,country_yard.watering,VIP,21,1256.1399999999999
520,stationery.paper,VIP,29,74.78
521,country_yard.watering,이탈 우려 고객,7,355.5
522,country_yard.watering,일시적 고객,6,363.52
523,stationery.paper,이탈 고객,9,20.830000000000002
524,stationery.paper,신규 고객,14,17.43
525,country_yard.watering,충성고객,14,398.38
526,country_yard.watering,신규 고객,12,302.15
527,apparel.hat,,5,0.0
528,country_yard.watering,이탈 고객,4,212.28999999999996
